1,Mobile Development,2
1,Management,10
1,Marketing,1
1,Databases,3
1,Hardware,3
1,Business,5
2,Mobile Development,8
2,Communication,5
2,Accounting,1
3,Communication,10
3,Networking,10
3,Management,1
4,Hardware,2
4,Marketing,1
4,Data Analysis,2
4,Electrical Engineering,4
4,Public Relations,4
4,Machine Learning,2
5,Databases,9
5,Hardware,1
5,Public Relations,7
5,Data Analysis,1
5,Mobile Development,4
6,Databases,9
6,Machine Learning,3
6,Public Relations,4
6,Web Development,10
6,Programming,9
6,Networking,4
6,Electrical Engineering,8
6,Mobile Development,3
6,Hardware,10
7,Management,9
7,Communication,9
7,Hardware,7
8,Sales,10
8,Networking,3
8,Mobile Development,9
8,Programming,4
9,Mobile Development,1
9,Networking,5
9,Marketing,3
9,Databases,6
9,Accounting,9
10,Programming,8
10,Electrical Engineering,5
10,Business,5
10,Marketing,3
10,Machine Learning,5
11,Sales,9
11,Electrical Engineering,9
12,Networking,3
12,Mobile Development,8
12,Data Analysis,7
12,Public Relations,2
13,Programming,5
13,Web Development,9
13,Data Analysis,3
13,Accounting,8
13,Electrical Engineering,5
13,Marketing,3
14,Machine Learning,9
14,Marketing,9
14,Business,4
14,Programming,10
14,Public Relations,7
14,Hardware,1
14,Databases,9
14,Web Development,7
15,Communication,10
15,Databases,7
15,Mobile Development,5
15,Management,10
15,Machine Learning,4
15,Accounting,6
16,Hardware,1
16,Communication,2
16,Sales,6
17,Sales,2
17,Hardware,3
17,Management,4
17,Marketing,8
17,Data Analysis,4
17,Public Relations,10
17,Communication,1
17,Web Development,4
18,Data Analysis,10
18,Programming,1
18,Marketing,1
18,Databases,10
18,Business,8
18,Electrical Engineering,2
18,Networking,6
19,Marketing,5
19,Sales,9
19,Databases,5
19,Mobile Development,10
19,Machine Learning,8
19,Data Analysis,9
19,Management,2
19,Programming,2
20,Data Analysis,1
20,Business,2
20,Communication,6
20,Accounting,10
20,Machine Learning,5
